"bulan","jumlah_penumpang"
1,23411488.7846873
2,23642223.9799393
3,23872959.1751912
4,24103694.3704431
5,24334429.5656951
6,24565164.760947
